DNL,Count
LB/Son19,28
LB/Son15,1
LB/Son7,13
LB/Son19,1
LB/Son7,30
LB/Son19,2
LB/Son7,32
LB/Son15,2
LB/Son19,14
LB/Son7,60
LB/Son15,1
LB/Son7,16
LB/Son19,4
LB/Son7,27
LB/Son19,133
LB/Son7,69
LB/Son19,14
LB/Son7,10
LB/Son19,56
LB/Son15,1
LB/Son7,1
LB/Son19,22
LB/Son7,1
LB/Son19,28
LB/Son15,1
LB/Son19,2
LB/Son15,1
LB/Son7,2
LB/Son2,1
LB/Son19,1
LB/Son7,17
LB/Son19,1
LB/Son2,1
LB/Son19,25
LB/Son7,1
LB/Son15,1
LB/Son2,2
LB/Son7,21
LB/Son19,18
LB/Son7,84
LB/Son15,1
LB/Son7,14
LB/Son19,2
LB/Son7,34
LB/Son17,1
LB/Son1,1
LB/Son19,24
LB/Son15,1
LB/Son19,3
LB/Son15,2
LB/Son19,1
LB/Son15,1
LB/Son19,3
LB/Son15,1
LB/Son7,119
LB/Son19,157
LB/Son7,1
LB/Son19,1
LB/Son7,1
LB/Son19,6
LB/Son7,227
LB/Son19,58
LB/Son7,70
LB/Son19,5
LB/Son7,55
LB/Son15,1
LB/Son7,3
LB/Son15,1
LB/Son7,1
LB/Son15,3
LB/Son19,10
LB/Son7,1
LB/Son19,39
LB/Son15,1
LB/Son19,17
LB/Son15,1
LB/Son19,2
LB/Son7,79
LB/Son19,87
LB/Son7,2
LB/Son19,1
LB/Son7,29
LB/Son19,48
LB/Son7,66
LB/Son19,2
LB/Son7,70
LB/Son19,68
LB/Son15,1
LB/Son19,21
LB/Son15,1
LB/Son19,4
LB/Son2,1
LB/Son7,1
LB/Son19,56
LB/Son15,2
LB/Son19,36
LB/Son7,5
LB/Son15,1
LB/Son19,2
LB/Son7,1
LB/Son15,2
LB/Son19,1
LB/Son7,2
LB/Son15,1
LB/Son7,19
LB/Son19,3
LB/Son7,78
LB/Son2,1
LB/Son7,2
LB/Son19,5
LB/Son2,1
LB/Son15,1
LB/Son19,2
LB/Son7,1
LB/Son19,152
LB/Son7,10
LB/Son19,18
LB/Son15,1
LB/Son19,1
LB/Son7,1
LB/Son19,4
LB/Son7,4
LB/Son19,1
LB/Son7,1
LB/Son1,1
LB/Son7,118
LB/Son19,316
LB/Son7,35
LB/Son2,2
LB/Son19,6
LB/Son2,3
LB/Son19,21
LB/Son7,6
LB/Son19,54
LB/Son7,18
LB/Son19,4
LB/Son7,1
LB/Son19,1
LB/Son15,2
